{
  "date": "2021-12-20T17:00:11.790Z",
  "title": "Catálogo de Fotos de Bolsas e Mochilas",
  "description": "Apresentamos Nosso Catálogo de Fotos para Escolha de Modelos Para Montagem do Seu Kit Bolsas",
  "thumbnail": "/img/uploads/atacadodebolsas-preto-amarelo-1x1.jpg",
  "body": "CATÁLOGO clique neste link 👇. Está no Google Fotos.\n\n\n<https://photos.app.goo.gl/7KXwTghvQZ9jc92G8>\n\n🧡 PROMOÇÃO Para A Revenda 💛\n\n👉 Pedido mínimo com 10 peças *A SUA ESCOLHA* **apenas R$ 280,00** à vista (válido para todos os modelos disponíveis no catálogo). \n\n***CADA peça sai R$28,00*** 💛\n\n👉Para fazer o Pedido, salve as fotos e envie para nosso WhatsApp ✅\n\n👉Pode escolher os modelos e cores\\\n\\\nAqui uma pequena explicação como baixar as fotos para divulgar nas suas redes sociais \\\n\\\n<https://youtu.be/cUzeMRuzBm4>"
}