{
  "assetsByChunkName": {
    "vendors~app-account~app-confirmation~app-order": "chunk.9548b28961d54fcc98fb.js",
    "vendors~app-account~app-checkout": "chunk.23bf890652a6a0e39bf7.js",
    "vendors~app-cart~app-checkout": "chunk.2a6c466f9215ce73aee8.js",
    "admin": [
      "admin.22c3e40659510ac28115.js",
      "admin.22c3e40659510ac28115.js.map"
    ],
    "app-account": "chunk.ca689ec1c5b0d2981504.js",
    "app-confirmation": "chunk.8b4e96cea66051c8eabf.js",
    "app-order": "chunk.bca4dc00c26dd781d8e0.js",
    "checkout": [
      "checkout.501da8f510a51a51d304.js",
      "checkout.501da8f510a51a51d304.js.map"
    ],
    "storefront": [
      "storefront.0a9294f2dd6465500c77.css",
      "storefront.0b02db555f31ad9d8b16.js",
      "storefront.0a9294f2dd6465500c77.css.map",
      "storefront.0b02db555f31ad9d8b16.js.map"
    ],
    "vendors~app-cart": "chunk.f88508199a6b2ae78098.js",
    "vendors~app-checkout": "chunk.7f118a008c0bf36253d1.js"
  }
}