{
  "description": {
    "title": "",
    "text": ""
  },
  "links_1": {
    "list_pages": true,
    "title": "Páginas",
    "list": []
  },
  "links_2": {
    "list_categories": false,
    "title": "Nossos Produtos",
    "list": [
      {
        "text": "Bolsas Femininas",
        "url": "https://atacadodebolsas.netlify.app/bolsas-femininas/"
      },
      {
        "text": "Mini Mochilas",
        "url": "https://atacadodebolsas.netlify.app/mochilas/"
      },
      {
        "text": "Kit Promocionais",
        "url": "https://atacadodebolsas.netlify.app/kit-de-bolsas/"
      },
      {
        "text": "Acessórios",
        "url": "https://atacadodebolsas.netlify.app/acessorios/"
      }
    ]
  },
  "contacts": {
    "title": "Contatos",
    "phone_wpp": true,
    "socials": true,
    "email": true,
    "address": true
  },
  "stamps": [
    {
      "src": "/img/uploads/banner-paypal.png",
      "alt": "Selos PayPal AtacadoDeBolsas"
    },
    {
      "alt": "Selos Mercado Pago AtacadoDeBolsas",
      "src": "/img/uploads/icone-mercado-pago.png"
    },
    {
      "src": "/img/uploads/ssl-safe.png",
      "alt": "Secure connection"
    }
  ],
  "payment_methods": {
    "bb": true,
    "visa": true,
    "boleto": true,
    "aura": false,
    "banrisul": false,
    "elo": true,
    "hipercard": false,
    "hsbc": false,
    "bradesco": false,
    "santander": false,
    "mastercard": true,
    "paypal": false,
    "citibank": false,
    "hiper": true,
    "diners": true,
    "mais": false,
    "amex": true,
    "itau": false
  },
  "credits": ""
}