{
  "marketing_stripe": {
    "text": "Aproveite nossos parcelamentos de até 04 x sem juros!",
    "link": "/promotion"
  },
  "contacts_stripe": {
    "pages": [
      {
        "title": "Sobre nós",
        "link": "/pages/sobre-nos"
      },
      {
        "title": "Esta loja é um PWA",
        "link": "/posts/esta-loja-e-um-pwa"
      },
      {
        "title": "Catálogo de Fotos",
        "link": "/posts/catalogo-de-fotos-de-bolsas-e-mochilas"
      }
    ],
    "phone_wpp": true,
    "socials": true
  },
  "categories_list": {
    "featured": [
      "/bolsas-femininas/?Bolsas Femininas",
      "/importadas/?Importadas",
      "/carteiras/?Carteiras",
      "/mochilas/?Mochilas",
      "/malas/?Malas",
      "/acessorios/?Acessórios"
    ],
    "random": 0,
    "full_width": false
  },
  "search_input": true
}