{
  "meta_title": "AtacadoDeBolsas | Bolsas Para Revender",
  "meta_description": "Preços Incríveis. Melhores Opções Em Bolsas E Mochilas No Atacado",
  "sections": [
    {
      "type": "banner-slider",
      "autoplay": 9000,
      "slides": [
        {
          "img": "/img/uploads/img-20160918-wa0000.jpg",
          "link": "/bolsas-femininas",
          "alt": "Bolsas Femininas",
          "start": "",
          "end": ""
        }
      ]
    },
    {
      "type": "info-bar",
      "enabled": true
    },
    {
      "type": "collection-shelf",
      "shuffle": true,
      "collection_id": "60cd365ad24de4526fa8d23a:categories:Bolsas Femininas:/bolsas-femininas/",
      "limit": 16,
      "page": 1,
      "title": "Todos Produtos",
      "sort": "sales"
    },
    {
      "type": "dynamic-showcase",
      "load_more": true,
      "sort": "views"
    }
  ]
}